1387E,8002,A CORUNA AEROPUERTO,A CORUNA,431825N,082219W,98,1971-12-01,2022-02-02,
1387,8001,A CORUNA,A CORUNA,432157N,082517W,58,1930-10-01,2022-02-02,
1393,8006,CABO VILAN,A CORUNA,430938N,091239W,50,1994-01-01,2022-02-02,
1351,8004,ESTACA DE BARES,A CORUNA,434710N,074105W,80,1961-01-01,2022-02-02,
1400,8040,FISTERRA,A CORUNA,425529N,091729W,230,1951-01-01,2022-02-02,
1437O,8043,MONTE IROITE,A CORUNA,424314N,085524W,685,1983-04-01,2017-10-02,
1473A,8039,PADRON,A CORUNA,424418N,083738W,100,1994-01-01,2022-02-02,
1428,8042,SANTIAGO DE COMPOSTELA AEROPUERTO,A CORUNA,425317N,082438W,370,1943-11-01,2022-02-02,
1475X,8041,SANTIAGO DE COMPOSTELA,A CORUNA,425234N,083321W,240,1994-01-01,2022-02-02,
8175,8280,ALBACETE BASE AEREA, AEROPUERTO,385715N,015123W,702,1939-12-01,2022-02-02,
8178D,8279,ALBACETE,ALBACETE,390020N,015144W,676,1983-01-01,2022-02-02,
8177A,8278,CHINCHILLA,ALBACETE,385609N,013936W,880,2006-01-01,2022-02-02,
7096B,8355,HELLON,ALBACETE,383231N,014211W,646,1987-08-01,2022-02-02,
8025,8359,ALICANTE/ALACANT,ALICANTE,382221N,002939W,81,1938-09-01,2022-02-02,
8019,8360,ALICANTE-ELCHE AEROPUERTO,ALICANTE,381658N,003415W,43,1967-01-01,2022-02-02,
8050X,8370,JAVEA/ XABIA,ALICANTE,384701N,001004E,15,1997-03-14,2022-02-02,
7247X,8357,PINOSO ,ALICANTE,382359N,010217W,575,2004-01-14,2022-02-02,
6302A,8427,ABLA,ALMERIA,370829N,024648W,869,2001-01-01,2022-02-02,
6277B,8486,ADRA,ALMERIA,364450N,030114W,8,1986-04-19,2022-02-02,
6381,8490,ALBORAN,ALMERIA,355618N,030210W,15,1973-01-02,2016-06-11,
6325O,8487,ALMERIA AEROPUERTO,ALMERIA,365047N,022125W,21,1968-01-01,2022-02-02,
6297,,ALMERIA,ALMERIA,364952N,022720W,7,1934-01-01,1981-04-09,
6332X,8488,CARBONERAS,ALMERIA,365849N,015413W,16,2001-01-01,2021-07-27,
6367B,8428,HUERCAL-OVERA,ALMERIA,372326N,015637W,300,1988-04-07,2022-02-02,
6293X,8492,ROQUETAS DE MAR,ALMERIA,364113N,024206W,3,2009-07-19,2022-02-02,
9091O,8080,FORONDA-TXOKIZA,ARABA/ALAVA,425255N,024406W,513,1976-01-01,2022-02-02,
9087,,VITORIA AERODROMO,ARABA/ALAVA,425059N,023922W,521,1943-03-01,1982-11-30,
9091R,8080,VITORIA GASTEIZ AEROPUERTO,ARABA/ALAVA,425219N,024358W,513,2011-09-30,2022-02-02,
1212E,8011,ASTURIAS AEROPUERTO,ASTURIAS,433401N,060239W,127,1968-08-01,2022-02-02,
1283U,8010,CABO BUSTO,ASTURIAS,433409N,062812W,60,1997-04-01,2022-02-02,
1210X,8012,CABO PENAS,ASTURIAS,433921N,055055W,100,1997-06-01,2022-02-02,
1331A,8009,CASTROPOL,ASTURIAS,433129N,070153W,40,2014-11-20,2022-02-02,
1207U,8014,GIJON, CAMPUS,ASTURIAS,433123N,053716W,26,1979-01-01,2022-02-02
1208A,,GIJON. LA MERCED,ASTURIAS,433230N,053943W,22,1938-10-01,1976-05-31,
1208H,8014,GIJON, PUERTO,ASTURIAS,433336N,054203W,5,2001-03-06,2022-02-02
1208,,GIJON,ASTURIAS,433220N,053815W,3,1976-06-01,2001-03-05,
1183X,8016,LLANES,ASTURIAS,432513N,044453W,10,1997-04-02,2022-02-02,
1249I,8015,OVIEDO,ASTURIAS,432112N,055227W,336,1972-11-20,2022-02-02,
1249X,8015,OVIEDO,ASTURIAS,432112N,055227W,336,2012-03-01,2022-02-02,
1542,8052,PUERTO DE LEITARIEGOS,ASTURIAS,425939N,062451W,1530,1997-03-01,2022-02-02,
1221D,8031,PAJARES-VALGRANDE,ASTURIAS,425843N,054635W,1480,1997-03-01,2022-02-02,
2444C,,AVILA, AYUNTAMIENTO,AVILA,403924N,044201W,1143,1953-01-01,1982-03-14
2444,8210,AVILA,AVILA,403933N,044048W,1130,1983-01-01,2022-02-02,
2811A,8206,NAVARREDONDA DE GREDOS,AVILA,402102N,050835W,1525,2003-06-01,2020-03-03,
3391,8208,SOTILLO DE LA ADRADA,AVILA,401719N,043527W,630,1954-03-01,2022-02-02,
4452,8330,BADAJOZ AEROPUERTO,BADAJOZ,385300N,064850W,185,1955-01-01,2022-02-02,
4358X,8333,DON BENITO,BADAJOZ,385720N,055250W,273,1989-03-01,2022-02-02,
4244X,8264,HERRERA DEL DUQUE,BADAJOZ,391010N,050344W,447,2001-01-24,2022-02-02,
4511C,8337,JEREZ DE LOS CABALLEROS,BADAJOZ,381755N,064554W,381,2007-07-09,2022-02-02,
4386B,8336,LLERENA,BADAJOZ,381354N,060101W,655,2007-06-01,2022-02-02,
4410X,8331,MERIDA,BADAJOZ,385457N,062308W,228,1989-06-04,2022-02-02,
0252D,8186,ARENYS DE MAR,BARCELONA,413515N,023224E,74,1981-01-01,2022-02-02,
76,8181,BARCELONA AEROPUERTO,BARCELONA,411734N,020412E,4,1924-03-01,2022-02-02,
0200E,,BARCELONA, FABRA,BARCELONA,412506N,020727E,408,1920-01-01,2022-01-31
0201D,8180,BARCELONA,BARCELONA,412326N,021200E,6,1994-04-20,2022-02-02,
0149X,8174,MANRESA,BARCELONA,414312N,015025E,291,2005-01-14,2022-02-02,
0229I,8192,SABADELL AEROPUERTO,BARCELONA,413125N,020611E,146,1973-12-01,2016-04-20,
0255B,8188,SANTA SUSANNA,BARCELONA,413903N,024149E,40,2009-08-25,2022-01-11,
1082,8025,BILBAO AEROPUERTO,BIZKAIA,431753N,025423W,42,1947-03-01,2022-02-02,
1078I,8035,GUENES,BIZKAIA,431212N,030617W,208,1997-04-01,2022-02-02,
1055B,8024,LEKEITIO,BIZKAIA,432237N,023037W,12,1997-04-01,2020-03-29,
1057B,,MACHICHACO,BIZKAIA,432714N,024510W,93,1997-04-01,2022-02-02,
1059X,8059,PUNTA GALEA,BIZKAIA,432230N,030118W,90,2005-02-09,2022-02-02,
2117D,8144,ARANDA DE DUERO,BURGOS,413957N,034434W,790,2002-04-16,2022-02-02,
9111,8077,BELORADO,BURGOS,422516N,031013W,820,1989-04-18,2022-02-02,
2331,8075,BURGOS AEROPUERTO,BURGOS,422125N,033713W,891,1943-08-01,2022-02-02,
9051,8063,MEDINA DE POMAR,BURGOS,425512N,032858W,580,1949-09-01,2022-02-02,
2298,8149,PALACIOS DE LA SIERRA,BURGOS,415735N,030754W,1080,1934-02-01,2022-02-02,
3469,,CACERES, CIUDAD,CACERES,392833N,062235W,459,1920-01-01,1986-12-31
3469A,8261,CACERES,CACERES,392817N,062020W,394,1982-12-01,2022-02-02,
3526X,8251,CORIA,CACERES,400013N,063327W,313,1989-02-01,2022-02-02,
3434X,8254,NAVALMORAL DE LA MATA,CACERES,395645N,053457W,269,2001-09-22,2022-02-02,
3519X,8252,PLASENCIA,CACERES,400235N,060509W,415,1999-03-24,2022-02-02,
3463X,8263,TRUJILLO,CACERES,392857N,055115W,503,2003-02-06,2019-09-30,
3576X,8260,VALENCIA DE ALCANTARA,CACERES,392453N,071352W,444,1996-08-01,2022-02-02,
5973,8452,CADIZ,CADIZ,362959N,061528W,2,1935-11-01,2022-02-02,
5911A,8455,GRAZALEMA,CADIZ,364538N,052227W,913,2000-02-01,2022-02-02,
5960,8451,JEREZ DE LA FRONTERA AEROPUERTO,CADIZ,364502N,060321W,27,1946-02-01,2022-02-02,
5910,8449,ROTA, BASE NAVAL,CADIZ,363820N,061957W,21,1988-09-01,2022-02-02
5972X,8453,SAN FERNANDO,CADIZ,362756N,061220W,28,1997-03-01,2022-02-02,
6001,8458,TARIFA,CADIZ,360050N,053556W,32,1945-05-01,2022-02-02,
5995B,8457,VEJER DE LA FRONTERA,CADIZ,361444N,055754W,186,1997-03-01,2022-02-02,
1083L,8020,CASTRO URDIALES,CANTABRIA,432341N,031402W,45,2014-04-29,2022-02-02,
9001D,8032,REINOSA,CANTABRIA,425931N,040938W,870,2005-02-21,2022-02-02,
1159,8017,SAN VICENTE DE LA BARQUERA,CANTABRIA,432336N,042332W,38,1961-01-01,2022-02-02,
1109,8021,SANTANDER AEROPUERTO,CANTABRIA,432526N,034932W,3,1953-09-12,2022-02-02,
1110,,SANTANDER, CIUDAD,CANTABRIA,432754N,034908W,64,1924-01-01,1997-04-07
1111X,8023,SANTANDER,CANTABRIA,432928N,034802W,52,2012-03-01,2022-02-02,
1111,8023,SANTANDER,CANTABRIA,432928N,034802W,52,1946-06-01,2022-02-02,
9019B,8033,VALDERREDIBLE, POLIENTES   ,CANTABRIA,424823N,035602W,720,1993-01-01,2022-02-02
9563X,8237,CASTELLFORT,CASTELLON,402955N,001112W,1220,1991-11-20,2022-02-02,
8500A,8286,CASTELLON - ALMASSORA,CASTELLON,395726N,000419W,43,1976-01-01,2022-02-02,
8501,,CASTELLON DE LA PLANA,CASTELLON,395921N,000156W,23,1920-01-01,2022-01-31,
8489X,8241,VILLAFRANCA DEL CID/VILLAFRANCA,CASTELLON,402600N,001521W,1131,2009-01-25,2022-02-02,
8523X,8239,VINAROS,CASTELLON,403315N,002547E,111,1991-01-16,2020-12-14,
5000A,,CEUTA, MONTE HACHO,CEUTA,355344N,051732W,200,1935-01-01,1986-12-31
5000C,60320,CEUTA,CEUTA,355319N,052049W,87,2003-06-01,2022-02-02,
4121C,,CIUDAD REAL, INSTITUTO,CIUDAD REAL,385916N,035545W,627,1920-01-01,1970-10-31
4121,8348,CIUDAD REAL,CIUDAD REAL,385921N,035513W,628,1970-11-01,2022-02-02,
4220X,8271,PUEBLA DE DON RODRIGO,CIUDAD REAL,390519N,043659W,486,2006-11-10,2022-02-02,
4103X,8276,TOMELLOSO,CIUDAD REAL,391009N,030027W,662,2006-11-10,2022-02-02,
4147X,8351,VALDEPENAS,CIUDAD REAL,384502N,032329W,700,2006-11-09,2022-02-02,
4148,8345,VISO DEL MARQUES,CIUDAD REAL,383105N,033400W,804,1964-01-01,2022-02-02,
5402,8410,CORDOBA AEROPUERTO,CORDOBA,375056N,045048W,90,1959-04-01,2022-02-02,
5427X,8412,DONA MENCIA,CORDOBA,373322N,042114W,650,2000-02-19,2022-02-02,
4267X,8335,HINOJOSA DEL DUQUE,CORDOBA,382955N,050716W,551,2000-03-01,2022-02-02,
5390Y,8346,VILLANUEVA DE CORDOBA,CORDOBA,381959N,043632W,750,2000-01-01,2022-02-02,
3044X,8230,CANIZARES,CUENCA,403149N,020900W,928,2006-11-03,2022-02-01,
8096,8231,CUENCA,CUENCA,400402N,020755W,948,1951-01-01,2022-02-02,
4090Y,8256,SAN CLEMENTE,CUENCA,392500N,022514W,728,2008-09-14,2022-02-02,
3094B,8277,TARANCON,CUENCA,400041N,030117W,808,2009-08-01,2022-02-02,
1024E,8027,DONOSTIA/SAN SEBASTIAN, IGUELDO,GIPUZKOA,431823N,020228W,251,1928-01-01,2022-02-02
1050J,8036,ELGOIBAR,GIPUZKOA,431234N,022448W,119,1997-04-01,2022-02-02,
1014,8029,HONDARRIBIA, MALKARROA,GIPUZKOA,432125N,014732W,4,1955-08-18,2022-02-02
1014A,8029,SAN SEBASTIAN AEROPUERTO,GIPUZKOA,432125N,014732W,4,2011-11-01,2022-02-02,
1041A,8026,ZUMAIA,GIPUZKOA,431808N,021504W,28,1997-04-01,2022-02-02,
1037Y,8037,ZUMARRAGA,GIPUZKOA,430448N,021903W,420,2007-12-19,2022-02-02,
367,8184,GIRONA AEROPUERTO,GIRONA,415442N,024548E,143,1973-01-01,2022-02-02,
0370B,,GIRONA, ANTIC INSTITUT,GIRONA,415848N,024931E,95,1920-01-01,1977-12-31
9585,8117,LA MOLINA,GIRONA,421957N,015622E,1703,1927-04-01,2022-02-02,
0372C,8120,PORQUERES,GIRONA,420616N,024549E,157,2013-03-08,2022-02-02,
0324A,8118,RIPOLL,GIRONA,421129N,021146E,675,1987-09-01,2022-02-02,
5047E,8424,BAZA,GRANADA,373021N,024406W,785,2000-01-01,2022-02-02,
5530E,8419,GRANADA AEROPUERTO,GRANADA,371123N,034722W,567,1972-07-01,2022-02-02,
5514,8420,GRANADA BASE AEREA,GRANADA,370814N,033753W,687,1937-12-01,2022-02-02,
5051X,8423,HUESCAR,GRANADA,375140N,023910W,1092,2001-01-01,2018-03-31,
5582A,8414,LOJA,GRANADA,370940N,040910W,760,2001-01-01,2022-02-02,
6268X,8485,MOTRIL,GRANADA,364322N,033149W,12,2000-02-03,2016-12-13,
3168C,8226,GUADALAJARA, EL SERRANILLO,GUADALAJARA,403933N,031024W,639,1985-10-11,2015-08-02
3168A,,GUADALAJARA, INSTITUTO,GUADALAJARA,403805N,031000W,685,1951-01-01,1986-04-30
3168D,8226,GUADALAJARA,GUADALAJARA,403749N,030900W,721,2011-08-01,2022-02-02,
3013,8232,MOLINA DE ARAGON,GUADALAJARA,405030N,015244W,1062,1949-09-01,2022-02-02,
3130C,8150,SIGUENZA,GUADALAJARA,410511N,023705W,1005,1984-10-01,2022-02-02,
4560Y,8380,ALAJAR,HUELVA,375207N,064030W,572,2009-06-05,2022-02-02,
4549Y,8381,AYAMONTE,HUELVA,371141N,072342W,2,2003-03-01,2022-02-02,
4642E,8383,HUELVA, RONDA ESTE,HUELVA,371642N,065442W,19,1984-06-01,2022-02-02
4605,,HUELVA,HUELVA,371524N,065659W,17,1920-01-01,1984-05-31,
5860E,8384,MOGUER, EL ARENOSILLO,HUELVA,370553N,064417W,41,1997-01-11,2022-02-02
9208E,8095,ARAGUES DEL PUERTO,HUESCA,424232N,004023W,1040,2006-02-01,2022-02-02,
9784P,8103,BIELSA,HUESCA,423748N,001329E,992,2006-01-29,2022-02-02,
9898,8094,HUESCA, AEROPUERTO,HUESCA,420504N,001932W,546,1943-03-01,2022-02-02
9201K,8091,JACA,HUESCA,423444N,003249W,823,1992-01-01,2022-02-02,
9814A,8101,TORLA,HUESCA,423736N,000642W,1020,2006-01-29,2016-05-04,
B569X,8311,CAPDEPERA,ILLES BALEARS,394300N,032841E,57,1989-01-01,2022-02-02,
B013X,8304,ESCORCA, LLUC,ILLES BALEARS,394924N,025309E,490,1993-04-15,2022-02-02
B954,8373,IBIZA, AEROPUERTO,ILLES BALEARS,385235N,012304E,6,1944-01-01,2022-02-02
B893,8314,MENORCA, AEROPUERTO,ILLES BALEARS,395117N,041256E,91,1965-01-01,2022-02-02
B278,8306,PALMA DE MALLORCA, AEROPUERTO,ILLES BALEARS,393339N,024412E,8,1972-08-01,2022-02-02
B228,8301,PALMA, PUERTO,ILLES BALEARS,393319N,023731E,3,1978-01-01,2022-02-02
B346X,8310,PORRERES,ILLES BALEARS,393118N,030109E,120,1989-02-09,2022-02-02,
B434X,8309,PORTOCOLOM  ,ILLES BALEARS,392452N,031618E,17,1993-01-01,2022-02-02,
B691Y,8312,SA POBLA,ILLES BALEARS,394457N,030100E,40,2011-04-19,2022-02-02,
B248,8303,SIERRA DE ALFABIA, BUNYOLA,ILLES BALEARS,394406N,024247E,1030,1971-04-01,2022-02-02
5298X,8347,ANDUJAR,JAEN,380123N,040348W,202,2001-01-01,2022-02-02,
5181D,8352,ARROYO DEL OJANCO,JAEN,381853N,025323W,580,2001-01-02,2022-02-02,
5038X,8353,CAZORLA,JAEN,375457N,030014W,782,2005-09-13,2018-10-02,
5270,,JAEN, INSTITUTO,JAEN,374635N,034720W,510,1920-05-01,2014-09-30
5270B,8417,JAEN,JAEN,374639N,034832W,580,1983-04-02,2022-02-02,
5246,8350,SANTA ELENA,JAEN,382040N,033207W,770,1929-09-01,2022-02-02,
5192,8354,VILLARRODRIGO,JAEN,382921N,023815W,862,1985-12-01,2022-02-02,
9170,8084,LOGRONO, AEROPUERTO,LA RIOJA,422708N,021952W,353,1948-11-01,2022-02-02
C249I,60035,FUERTEVENTURA AEROPUERTO,LAS PALMAS,282641N,135147W,25,1967-01-01,2022-02-02,
C649I,60030,GRAN CANARIA AEROPUERTO,LAS PALMAS,275504N,152343W,32,1951-01-01,2022-02-02,
C619I,60027,LA ALDEA DE SAN NICOLAS,LAS PALMAS,280003N,154850W,10,2000-01-14,2016-09-15,
C029O,60040,LANZAROTE AEROPUERTO,LAS PALMAS,285707N,133601W,14,1972-11-01,2022-02-02,
C659M,60032,LAS PALMAS DE GRAN CANARIA, PL. DE LA FERIA,LAS PALMAS,280647N,152517W,15,2013-09-21,2022-02-02
C659H,60029,LAS PALMAS DE GRAN CANARIA, SAN CRISTOBAL,LAS PALMAS,280523N,152458W,55,2002-05-02,2022-02-02
C689E,60037,MASPALOMAS,LAS PALMAS,274409N,153545W,6,1994-07-01,2022-02-02,
C629X,60036,MOGON, PUERTO,LAS PALMAS,274859N,154551W,10,2003-02-07,2022-02-02
C229J,60034,PAJARA,LAS PALMAS,280257N,142129W,15,1993-02-01,2022-02-02,
C839I,,TEGUISE,LAS PALMAS,291355N,133007W,10,1992-01-01,2016-11-06,
2737E,8123,LAGUNAS DE SOMOZA,LEON,422239N,061148W,1020,1999-10-02,2022-02-02,
2661B,8055,LEON AEROPUERTO,LEON,423558N,053837W,912,2014-04-01,2017-07-31,
2661,8055,LEON, VIRGEN DEL CAMINO,LEON,423518N,053904W,912,1938-01-01,2022-02-02
1549,8053,PONFERRADA,LEON,423350N,063600W,534,1951-01-01,2022-02-02,
2630X,8057,PUERTO DE SAN ISIDRO,LEON,430344N,052237W,1510,1991-10-04,2022-02-02,
9619,8115,LA SEU D'URGELL,LLEIDA,422117N,012747E,677,1928-09-01,2022-02-02,
9771,,LLEIDA, OBSERVATORIO,LLEIDA,413702N,003716E,199,1959-06-01,1983-01-31
9771C,8171,LLEIDA,LLEIDA,413734N,003553E,185,1983-02-01,2022-02-02,
9990X,8107,NAUT ARAN, ARTIES ,LLEIDA,424201N,005237E,1161,2002-01-01,2022-02-02
9698U,8112,TALARN,LLEIDA,421219N,005155E,807,2002-01-01,2022-02-02,
9720X,8173,TARREGA,LLEIDA,413902N,010858E,388,1997-01-02,2019-11-13,
1505,8008,LUGO AEROPUERTO,LUGO,430641N,072727W,445,1951-01-01,2022-02-02,
3100B,8229,ARANJUEZ,MADRID,400402N,033246W,540,1976-04-01,2022-02-02,
3110C,8146,BUITRAGO DEL LOZOYA,MADRID,410025N,033649W,1030,1997-01-01,2022-02-02,
3191E,8219,COLMENAR VIEJO,MADRID,404146N,034554W,1004,1978-01-01,2022-02-02,
3200,8224,GETAFE,MADRID,401758N,034320W,620,1951-01-01,2022-02-02,
3129,8221,MADRID AEROPUERTO,MADRID,402800N,033320W,609,1945-01-01,2022-02-02,
3194U,8220,MADRID, CIUDAD UNIVERSITARIA,MADRID,402706N,034327W,664,1972-01-01,2021-06-14
3196,8223,MADRID, CUATRO VIENTOS,MADRID,402232N,034710W,690,1945-05-01,2022-02-02
3195,8222,MADRID, RETIRO,MADRID,402443N,034041W,667,1920-01-01,2022-02-02
3266A,8217,PUERTO ALTO DEL LEON,MADRID,404223N,040831W,1532,1997-01-01,2022-02-02,
2462,8215,PUERTO DE NAVACERRADA,MADRID,404735N,040038W,1894,1946-01-01,2022-02-02,
3338,8212,ROBLEDO DE CHAVELA,MADRID,402540N,041500W,763,1997-01-04,2022-02-02,
3111D,8145,SOMOSIERRA,MADRID,410808N,033449W,1450,2005-07-03,2022-02-02,
3175,8227,TORREJON DE ARDOZ,MADRID,402919N,032637W,607,1961-01-01,2022-02-02,
6106X,8413,ANTEQUERA,MALAGA,370146N,044454W,408,2001-01-01,2022-02-02,
6058I,8463,ESTEPONA,MALAGA,362501N,050918W,19,2001-01-01,2022-02-02,
6084X,8480,FUENGIROLA,MALAGA,363219N,043706W,8,2000-12-01,2022-02-02,
6155A,8482,MALAGA AEROPUERTO,MALAGA,363958N,042856W,5,1942-05-01,2022-02-02,
6156X,8481,MALAGA, CENTRO METEOROLOGICO,MALAGA,364304N,042854W,54,2001-01-01,2022-02-02
6172O,8479,MALAGA, PUERTO,MALAGA,364300N,042511W,25,2001-01-01,2016-01-31
6032B,8443,RONDA,MALAGA,364459N,051006W,766,2001-01-01,2016-01-20,
6205X,8484,TORROX,MALAGA,364335N,035726W,3,2001-01-02,2022-02-02,
6000A,60338,MELILLA,MELILLA,351635N,025723W,52,1965-01-01,2022-02-02,
7002Y,8432,AGUILAS,MURCIA,372502N,013513W,26,2009-01-11,2022-02-02,
7228,8429,ALCANTARILLA,BASE AEREA,MURCIA,375728N,011343W,75,1940-01-01,2022-02-02
7119B,8365,CARAVACA DE LA CRUZ,MURCIA,380609N,015238W,643,2009-01-30,2022-02-02,
7012C,8434,CARTAGENA,MURCIA,373604N,005916W,17,1988-09-01,2022-02-02,
7145D,8363,CIEZA,MURCIA,381358N,012250W,265,1997-02-19,2022-02-01,
7209,8426,LORCA,MURCIA,373917N,014114W,312,1955-01-01,2022-02-02,
7178I,8430,MURCIA,MURCIA,380007N,011015W,61,1984-04-01,2022-02-02,
7031,8433,SAN JAVIER AEROPUERTO,MURCIA,374720N,004812W,4,1944-08-01,2022-01-31,
7031X,8433,SAN JAVIER AEROPUERTO,MURCIA,374642N,004821W,4,2011-01-01,2022-02-02,
7275C,8356,YECLA,MURCIA,383606N,010935W,640,2009-01-16,2022-02-02,
9263X,8089,ARANGUREN, ILUNDAIN  ,NAVARRA,424634N,013157W,572,2010-03-19,2022-02-02
9294E,8087,BARDENAS REALES, BASE AEREA,NAVARRA,421155N,012831W,295,1993-07-24,2022-02-02
1002Y,8030,BAZTAN, IRURITA ,NAVARRA,430809N,013235W,183,2009-03-16,2022-02-02
9283X,8153,CADREITA,NAVARRA,421225N,014241W,268,1991-09-01,2017-02-12,
9263D,8085,PAMPLONA, AEROPUERTO,NAVARRA,424637N,013900W,459,1975-01-01,2022-02-02
9262,,PAMPLONA,NAVARRA,424904N,013818W,450,1953-09-01,2022-01-31,
1631E,8051,A POBRA DE TRIVES,OURENSE,422022N,071657W,840,1994-01-01,2022-02-02,
1700X,8047,O CARBALLINO,OURENSE,422517N,080533W,400,1994-01-01,2022-02-02,
1690B,,OURENSE,INSTITUTO,OURENSE,421956N,075152W,148,1952-01-01,1969-05-30
1690A,8048,OURENSE,OURENSE,421931N,075135W,143,1972-08-01,2022-02-02,
1735X,8050,XINZO DE LIMIA,OURENSE,420445N,074401W,616,2001-02-22,2022-02-02,
2400E,8072,AUTILLA DEL PINO,PALENCIA,415944N,043610W,874,1988-12-03,2022-02-02,
2374X,8068,CARRION DE LOS CONDES,PALENCIA,422103N,043702W,830,1988-12-03,2022-02-02,
2235U,8058,CERVERA DE PISUERGA,PALENCIA,425214N,043112W,1140,1986-06-01,2022-02-02,
2401,,PALENCIA, OBSERVATORIO,PALENCIA,420018N,043145W,750,1951-01-01,1990-07-31
1484,,PONTEVEDRA, INSTITUTO,PONTEVEDRA,422550N,083850W,19,1945-04-01,1985-09-30
1484C,8044,PONTEVEDRA,PONTEVEDRA,422618N,083657W,108,1985-10-01,2022-02-02,
1495,8045,VIGO AEROPUERTO,PONTEVEDRA,421419N,083726W,261,1956-05-01,2022-02-02,
2491C,8205,LA COVATILLA, ESTACION DE ESQUI,SALAMANCA,402118N,054124W,1960,2001-12-17,2022-02-02
2946X,8195,SAELICES EL CHICO,SALAMANCA,403806N,063600W,680,1988-12-29,2022-02-02,
2867,8202,SALAMANCA AEROPUERTO,SALAMANCA,405734N,052954W,790,1945-01-01,2022-02-02,
2870,8201,SALAMANCA,SALAMANCA,405727N,053944W,775,1970-01-01,2022-02-02,
2916A,8129,VITIGUDINO,SALAMANCA,410041N,062616W,769,1991-10-23,2022-02-02,
2150H,8143,LA PINILLA, ESTACION DE ESQUI,SEGOVIA,411131N,032831W,1798,1977-01-01,2022-02-02
2465A,,SEGOVIA, INSTITUTO,SEGOVIA,405648N,040657W,990,1931-01-01,1986-09-30
2465,8213,SEGOVIA,SEGOVIA,405643N,040735W,1005,1988-10-01,2022-02-02,
5704B,8392,CAZALLA DE LA SIERRA,SEVILLA,375535N,054611W,550,1997-01-29,2022-02-02,
5641X,8395,ECIJA,SEVILLA,373058N,050506W,130,2001-01-01,2022-02-02,
5612B,8399,LA RODA DE ANDALUCIA,SEVILLA,371140N,044612W,410,2009-02-13,2022-02-02,
5796,8397,MORON DE LA FRONTERA,SEVILLA,370952N,053641W,87,1946-02-01,2022-02-02,
5783,8391,SEVILLA AEROPUERTO,SEVILLA,372500N,055245W,34,1951-01-01,2022-02-02,
2030,8148,SORIA,SORIA,414630N,022859W,1082,1943-11-01,2022-02-02,
C439J,60018,GUIMAR,STA. CRUZ DE TENERIFE,281906N,162256W,115,2014-01-01,2022-02-02,
C929I,60001,HIERRO AEROPUERTO,STA. CRUZ DE TENERIFE,274908N,175320W,32,1973-12-01,2022-02-02,
C430E,60010,IZANA,STA. CRUZ DE TENERIFE,281832N,162958W,2371,1920-01-01,2022-02-02,
C139E,60005,LA PALMA AEROPUERTO,STA. CRUZ DE TENERIFE,283759N,174518W,33,1970-04-01,2022-02-02,
C459Z,60012,PUERTO DE LA CRUZ,STA. CRUZ DE TENERIFE,282505N,163253W,25,1996-06-12,2022-02-02,
C329Z,60008,SAN SEBASTIAN DE LA GOMERA,STA. CRUZ DE TENERIFE,280523N,170641W,15,1995-01-01,2022-02-02,
C449C,60020,STA.CRUZ DE TENERIFE,STA. CRUZ DE TENERIFE,282748N,161519W,35,1931-01-01,2022-02-02,
C129Z,60004,TAZACORTE,STA. CRUZ DE TENERIFE,283545N,175455W,62,2000-01-22,2022-02-02,
C447A,60015,TENERIFE NORTE AEROPUERTO,STA. CRUZ DE TENERIFE,282839N,161946W,632,1941-08-01,2022-02-02,
C429I,60025,TENERIFE SUR AEROPUERTO,STA. CRUZ DE TENERIFE,280249N,163340W,64,1980-07-01,2022-02-02,
0016A,8175,REUS AEROPUERTO,TARRAGONA,410842N,010949E,71,1945-02-01,2022-02-02,
9987P,8240,SANT JAUME D'ENVEJA,TARRAGONA,404157N,004836E,1,1997-01-01,2019-12-03,
9981A,8238,ESTACION DE TORTOSA (ROQUETES),TARRAGONA,404913N,002936E,50,1920-01-01,2022-02-02,
0002I,8169,VANDELLOS  ,TARRAGONA,405729N,005217E,32,1968-03-01,2021-07-06,
9573X,8164,ALCANIZ,TERUEL,410329N,000830W,334,1990-01-01,2022-02-02,
9381,,CALAMOCHA,AERODROMO,TERUEL,405154N,011818W,932,1942-01-01,1985-06-30
9381I,8233,CALAMOCHA,TERUEL,405534N,011736W,890,1992-08-01,2022-02-02,
9569A,8166,CALANDA,TERUEL,405648N,001416W,466,1990-04-01,2022-02-02,
8368U,8235,TERUEL,TERUEL,402102N,010727W,900,1986-04-01,2022-02-02,
4067,8273,MADRIDEJOS,TOLEDO,392931N,033142W,690,1945-06-01,2022-01-31,
4061X,8275,QUINTANAR DE LA ORDEN,TOLEDO,393551N,030249W,691,2006-10-31,2022-02-02,
3298X,8270,SAN PABLO DE LOS MONTES,TOLEDO,393249N,042102W,917,2006-11-03,2022-02-02,
3365A,8274,TALAVERA DE LA REINA,TOLEDO,395731N,045149W,372,1920-01-01,2022-02-02,
3259,,TOLEDO, LORENZANA,TOLEDO,395134N,040132W,540,1920-01-01,1982-04-30
3260B,8272,TOLEDO,TOLEDO,395305N,040243W,515,1982-02-01,2022-02-02,
8058X,8282,OLIVA,VALENCIA,385544N,000545W,5,1992-06-06,2021-10-19,
8325X,8287,POLINYA DE XUQUER,VALENCIA,391105N,002219W,12,1991-02-01,2022-02-02,
8309X,8281,UTIEL,VALENCIA,393432N,011441W,758,1991-01-10,2022-02-02,
8414A,8284,VALENCIA AEROPUERTO,VALENCIA,392906N,002829W,56,1965-01-01,2022-02-02,
8416Y,8285,VALENCIA, VIVEROS,VALENCIA,392850N,002159W,11,1994-07-02,2022-02-02
8416,8285,VALENCIA,VALENCIA,392850N,002159W,11,1937-11-01,2022-02-02,
8293X,8290,XATIVA,VALENCIA,390006N,003125W,88,1990-04-02,2022-02-02,
2503X,8142,OLMEDO,VALLADOLID,411933N,044113W,740,1991-09-12,2017-12-10,
2539,8140,VALLADOLID AEROPUERTO,VALLADOLID,414243N,045120W,846,1936-11-01,2022-02-02,
2422,8141,VALLADOLID,VALLADOLID,413827N,044516W,735,1973-10-01,2022-02-02,
2755X,8056,BENAVENTE,ZAMORA,420039N,054000W,715,1988-12-17,2022-02-02,
2775X,8125,VILLARDECIERVOS,ZAMORA,415629N,061647W,850,1988-12-17,2022-02-02,
2614,8130,ZAMORA,ZAMORA,413056N,054407W,656,1920-02-01,2022-02-02,
9576C,8165,BUJARALOZ,ZARAGOZA,413121N,001028W,357,1992-07-07,2018-06-06,
9394X,8156,CALATAYUD,ZARAGOZA,411952N,013843W,582,1993-04-01,2022-02-02,
9390,8157,DAROCA,ZARAGOZA,410652N,012436W,779,1920-01-01,2022-02-02,
9244X,8090,SOS DEL REY CATOLICO,ZARAGOZA,422927N,011249W,626,1992-02-04,2022-02-02,
9434,8160,ZARAGOZA, AEROPUERTO,ZARAGOZA,413938N,010015W,249,1941-01-01,2022-02-02
9434P,8159,ZARAGOZA, VALDESPARTERA,ZARAGOZA,413715N,005606W,254,2012-10-01,2022-02-02
